segment,n,mean_pnl,win_rate,avg_risk_size,profit_day_rate,max_drawdown
Inconsistent,7,207170.35563794762,0.6801589013514068,4977.547952452368,0.7142857142857143,-8478.525301142858
Mixed,7,88395.38995796429,0.879790538500657,5754.925041198419,0.8571428571428571,-3713.072334142857
Consistent,7,183519.90028417856,0.9918778016526488,2963.1981484096987,0.9642857142857143,0.0
