segment,n,mean_pnl,win_rate,avg_risk_size,avg_trades_day,crossed_share,fee_bps
Aggressive Taker,10,94629.37018203833,0.8541314530805086,4659.27698663381,2291.991666666667,0.8909045716745709,2.7394964280893164
Patient Executor,11,218845.98357638635,0.8474069236116274,4479.720738916845,3207.55303030303,0.25385576773717006,1.9020677880541883
