segment,n,mean_pnl,win_rate,avg_risk_size,crossed_share,fee_bps
Frequent,10,264502.6885129133,0.8287814016031347,4704.074486168161,0.6051725608406968,2.154808385240008
Selective,11,64415.69418468182,0.8704524249546945,4438.995739340164,0.5136121412225101,2.43360237246265
