segment,n,mean_pnl,win_rate,crossed_share,fee_bps,avg_risk_size,max_drawdown
Low Ticket,7,49868.39437061905,0.8811054537373142,0.7009148382776136,2.4465218349908455,1152.894550660591,0.0
Mid Ticket,7,201876.25486346427,0.8979426935335267,0.4397819755779477,2.4772844684718964,3044.87457884274,0.0
High Ticket,7,227340.99664600712,0.7727790942338716,0.5309402092665214,1.9787236893214344,9497.902012557155,-12191.597635285714
