classification,n_obs,median_pnl,mean_pnl,pnl_std,profit_day_rate,win_rate,avg_trade_usd,crossed_share
Fear,21,64510.169958,249942.7670954762,449626.0079408093,0.9523809523809523,0.8797527180888494,2330.3033080859777,0.5139190689775356
Neutral,6,107.958759,28874.813971333337,64594.259476611885,0.6666666666666666,0.7079322187424458,1266.1631905575055,0.6539043181237962
Greed,23,20925.513222,84326.94819904349,304797.1050236133,0.782608695652174,0.8468317441262015,2333.2533333333336,0.6211680249669967
Extreme Greed,5,0.0,35393.0983548,85325.49990240615,0.4,0.6722825120420106,3677.8091055573827,0.6880471336197671
